{
  "title": "Card Perso Validator Service — Wiki",
  "version": "1.0.0",
  "generated_at": "2025-08-21T00:13:04.470592Z",
  "nav_order": [
    {
      "file": "README.md",
      "title": "Home (Overview)"
    },
    {
      "file": "Architecture.md",
      "title": "Architecture"
    },
    {
      "file": "Application-Workflow.md",
      "title": "Application Workflow"
    },
    {
      "file": "Integration-Points.md",
      "title": "Integration Points"
    },
    {
      "file": "Configuration.md",
      "title": "Configuration"
    },
    {
      "file": "Error-Codes-and-Handling.md",
      "title": "Error Codes & Handling"
    },
    {
      "file": "Deployment.md",
      "title": "Deployment"
    },
    {
      "file": "How-to-Run-Locally.md",
      "title": "How to Run Locally"
    },
    {
      "file": "Observability.md",
      "title": "Observability"
    }
  ],
  "notes": "All environment-specific values are marked as PENDING and must be filled per environment before production."
}